name,description
Proin Eget Odio Consulting,nibh enim gravida sit amet dapibus
Cras Industries,ridiculus mus. Aenean
Bibendum Donec Ltd,Donec
Dui Industries,risus varius orci in consequat
Adipiscing Foundation,cursus et magna. Praesent interdum ligula eu enim.
Elit Foundation,eu neque pellentesque massa lobortis ultrices. Vivamus rhoncus. Donec
Eu Nulla PC,erat. Sed nunc est mollis non cursus non egestas a
Rutrum Non Corporation,magna. Phasellus dolor elit pellentesque a facilisis non bibendum
Nisl Quisque LLC,inceptos hymenaeos. Mauris ut quam vel sapien imperdiet
Parturient LLP,at libero. Morbi accumsan laoreet ipsum. Curabitur
Fringilla Mi Lacinia Limited,Lorem ipsum dolor sit
Semper Et Lacinia Corp.,orci sem eget massa. Suspendisse eleifend.
Elit Fermentum Incorporated,malesuada malesuada. Integer id magna et
Interdum Nunc Sollicitudin Ltd,odio a purus. Duis elementum dui quis accumsan convallis
Fusce Diam Nunc Limited,eget massa. Suspendisse eleifend.
Vitae Nibh Donec Company,lobortis nisi nibh lacinia orci consectetuer euismod
Libero At Auctor Corporation,eu ligula. Aenean euismod mauris eu elit. Nulla facilisi.
Eros Proin Ultrices LLC,dolor dapibus gravida. Aliquam tincidunt
Turpis Nec Mauris Company,ipsum sodales purus in molestie
Mauris Incorporated,In nec orci. Donec nibh. Quisque
Eu LLC,Integer aliquam adipiscing lacus. Ut nec
Neque LLC,ligula elit pretium et rutrum non hendrerit
Donec LLC,iaculis nec eleifend non dapibus
Amet Ultricies Corporation,libero lacus varius et euismod et
Sodales Institute,felis.
Leo Inc.,fringilla. Donec feugiat metus sit amet ante. Vivamus non
Pede Suspendisse Incorporated,dolor sit amet consectetuer adipiscing elit. Etiam laoreet
Massa Foundation,Morbi neque tellus imperdiet non
Elementum At Egestas Industries,urna.
Rhoncus Inc.,Curabitur dictum. Phasellus in
Arcu Vestibulum Consulting,imperdiet erat nonummy ultricies ornare elit elit
Metus Eu Erat Corporation,accumsan neque
In Associates,et libero. Proin mi. Aliquam gravida mauris ut
Lectus Company,condimentum. Donec at arcu.
Mauris Morbi PC,lorem ac risus. Morbi
Ipsum Primis In Ltd,Pellentesque ut ipsum ac
Massa Non Ante LLC,enim. Curabitur massa. Vestibulum accumsan neque et nunc. Quisque
Sem Semper Erat Foundation,quis urna. Nunc quis
Ac Foundation,neque vitae semper egestas urna
Semper Erat In Foundation,ut molestie in tempus eu ligula. Aenean
Semper Consulting,id
Enim Etiam Imperdiet LLC,risus. Donec
Leo LLP,non quam. Pellentesque habitant morbi tristique senectus et
Sed Institute,fringilla purus mauris a nunc. In at pede. Cras vulputate
Ipsum Dolor Ltd,luctus felis purus ac tellus.
Cursus Integer Mollis Incorporated,mus. Aenean eget magna. Suspendisse tristique neque venenatis lacus. Etiam
Accumsan Institute,a felis ullamcorper viverra. Maecenas iaculis aliquet
Convallis In LLP,libero. Morbi accumsan laoreet ipsum. Curabitur consequat
Ac Company,tincidunt nibh. Phasellus nulla. Integer vulputate
Eros Ltd,In mi pede nonummy
Vivamus Euismod Urna Industries,turpis vitae purus gravida sagittis. Duis gravida.
Nulla Ante Iaculis Company,velit eget laoreet posuere enim nisl elementum purus accumsan
Aliquet Associates,hendrerit neque. In ornare sagittis felis. Donec tempor est ac
Netus Inc.,Sed pharetra felis eget varius ultrices mauris ipsum porta elit
Nulla Inc.,ac sem ut dolor dapibus gravida. Aliquam tincidunt
Ultrices Iaculis Associates,lobortis ultrices. Vivamus
Luctus Industries,ornare sagittis felis. Donec tempor
Ultrices Company,fermentum fermentum arcu. Vestibulum ante ipsum primis in faucibus orci
Phasellus Vitae Associates,lacus. Mauris non dui nec urna suscipit nonummy. Fusce
Venenatis Inc.,Vivamus euismod
Eu Nibh Vulputate LLP,ornare facilisis eget ipsum. Donec sollicitudin
Cursus Non Institute,pede. Cras vulputate velit eu sem. Pellentesque
Pellentesque Ut Institute,aliquet
Massa Inc.,aliquam arcu. Aliquam ultrices iaculis odio. Nam interdum
Aliquam Ornare Libero Incorporated,luctus felis purus ac tellus. Suspendisse sed dolor. Fusce mi
Massa Vestibulum Accumsan Limited,Nulla tempor augue ac ipsum. Phasellus vitae mauris
Pharetra Sed LLP,nunc sit amet metus. Aliquam
Non Enim Commodo Limited,elit fermentum risus at fringilla
Est Nunc Corp.,Nullam ut nisi a odio semper cursus. Integer mollis.
Cum Ltd,ligula eu enim. Etiam imperdiet dictum magna. Ut tincidunt orci
Convallis Ligula Donec Corporation,pharetra ut pharetra sed hendrerit a arcu. Sed
Cursus Institute,est. Mauris eu turpis.
Duis Mi Enim Industries,Integer vitae nibh. Donec est mauris rhoncus id mollis
Curae; Phasellus Ornare Corp.,fermentum fermentum
Dignissim Lacus Corporation,Integer mollis. Integer tincidunt aliquam arcu. Aliquam ultrices
Cubilia Curae; Donec Corp.,a odio semper cursus. Integer mollis.
Pede Ac Incorporated,Cum sociis natoque penatibus
Sociis PC,libero. Morbi
Sed LLP,egestas urna justo faucibus lectus a sollicitudin
Nunc PC,diam. Sed diam lorem auctor quis
Sem Company,parturient montes nascetur
At Nisi Cum Limited,auctor vitae aliquet nec imperdiet
Eu LLC,dictum ultricies ligula. Nullam enim. Sed nulla ante iaculis
Nunc In At Consulting,quis diam. Pellentesque habitant
Id Company,Ut nec urna et arcu imperdiet ullamcorper.
Nunc Mauris Limited,fringilla cursus purus. Nullam scelerisque neque
Vivamus Industries,imperdiet ullamcorper. Duis at lacus.
In Magna Phasellus Ltd,dictum magna. Ut tincidunt orci quis lectus. Nullam suscipit
Vel Lectus Industries,ultrices posuere cubilia
Aliquam Tincidunt Industries,ipsum ac mi eleifend egestas.
Neque Nullam Corporation,bibendum
Luctus Felis Associates,vel sapien imperdiet
Lorem Ipsum Dolor Limited,Fusce aliquet magna a neque. Nullam ut nisi a
Mus Aenean Eget LLP,dapibus ligula. Aliquam erat volutpat. Nulla dignissim. Maecenas ornare
Quis Tristique Ac Corporation,nisl elementum purus
Ut Lacus Nulla Consulting,dui nec urna suscipit nonummy. Fusce fermentum fermentum arcu.
At Velit Pellentesque Associates,adipiscing. Mauris molestie pharetra nibh.
Non Lacinia At Foundation,in consectetuer
Tellus Sem Mollis LLP,nunc sit
Eu Enim Etiam Ltd,rutrum justo. Praesent luctus. Curabitur egestas nunc sed